{"cameraMode":{"drawMode":0,"name":"Shaded","section":"Shading Mode"},"sceneLighting":false,"audioPlay":false,"sceneViewState":{"showFog":false,"showMaterialUpdate":false,"showSkybox":false,"showFlares":true,"showImageEffects":true,"showParticleSystems":true},"in2DMode":false,"pivot":{"x":-637.8658447265625,"y":110.01344299316406,"z":85.29912567138672},"rotation":{"x":-0.06630765646696091,"y":0.9071477651596069,"z":-0.15608911216259004,"w":-0.3853698670864105},"size":62.50569534301758,"orthographic":false}