{"cameraMode":{"drawMode":0,"name":"Shaded","section":"Shading Mode"},"sceneLighting":false,"audioPlay":false,"sceneViewState":{"showFog":false,"showMaterialUpdate":false,"showSkybox":false,"showFlares":true,"showImageEffects":true,"showParticleSystems":true},"in2DMode":false,"pivot":{"x":-0.00000762939453125,"y":14.762507438659668,"z":10.324530601501465},"rotation":{"x":-0.24131152033805848,"y":-0.42594632506370547,"z":0.11897887289524079,"w":-0.8638476133346558},"size":48.70400619506836,"orthographic":false}