{"cameraMode":{"drawMode":0,"name":"Shaded","section":"Shading Mode"},"sceneLighting":false,"audioPlay":false,"sceneViewState":{"showFog":false,"showMaterialUpdate":false,"showSkybox":false,"showFlares":true,"showImageEffects":true,"showParticleSystems":true},"in2DMode":false,"pivot":{"x":-395.1412658691406,"y":20.039196014404298,"z":464.05426025390627},"rotation":{"x":0.07169590145349503,"y":0.9173033833503723,"z":-0.340894877910614,"w":0.192928746342659},"size":2.440031051635742,"orthographic":false}