{"cameraMode":{"drawMode":0,"name":"Shaded","section":"Shading Mode"},"sceneLighting":false,"audioPlay":false,"sceneViewState":{"showFog":false,"showMaterialUpdate":false,"showSkybox":false,"showFlares":true,"showImageEffects":true,"showParticleSystems":true},"in2DMode":false,"pivot":{"x":-647.0737915039063,"y":42.603492736816409,"z":191.37030029296876},"rotation":{"x":0.0005921083502471447,"y":0.9994893074035645,"z":-0.024889403954148294,"w":0.02427884191274643},"size":32.32923126220703,"orthographic":false}