{"cameraMode":{"drawMode":0,"name":"Shaded","section":"Shading Mode"},"sceneLighting":false,"audioPlay":false,"sceneViewState":{"showFog":false,"showMaterialUpdate":false,"showSkybox":false,"showFlares":true,"showImageEffects":true,"showParticleSystems":true},"in2DMode":false,"pivot":{"x":-0.8989448547363281,"y":0.5,"z":-0.9131011962890625},"rotation":{"x":0.19206765294075013,"y":0.8078480958938599,"z":-0.38817283511161806,"w":0.3998817801475525},"size":12.487911224365235,"orthographic":false}