{"cameraMode":{"drawMode":0,"name":"Shaded","section":"Shading Mode"},"sceneLighting":false,"audioPlay":false,"sceneViewState":{"showFog":false,"showMaterialUpdate":false,"showSkybox":false,"showFlares":true,"showImageEffects":true,"showParticleSystems":true},"in2DMode":false,"pivot":{"x":-401.29278564453127,"y":310.9667053222656,"z":154.51962280273438},"rotation":{"x":0.013962004333734513,"y":0.9858381748199463,"z":-0.10628707706928253,"w":0.1296764463186264},"size":104.54071807861328,"orthographic":false}