{"cameraMode":{"drawMode":0,"name":"Shaded","section":"Shading Mode"},"sceneLighting":false,"audioPlay":false,"sceneViewState":{"showFog":false,"showMaterialUpdate":false,"showSkybox":false,"showFlares":true,"showImageEffects":true,"showParticleSystems":true},"in2DMode":false,"pivot":{"x":-178.80715942382813,"y":104.0162353515625,"z":-46.867218017578128},"rotation":{"x":0.08158022165298462,"y":-0.8872475028038025,"z":0.42047709226608279,"w":0.17291565239429475},"size":33.46155548095703,"orthographic":false}