{"cameraMode":{"drawMode":0,"name":"Shaded","section":"Shading Mode"},"sceneLighting":true,"audioPlay":false,"sceneViewState":{"showFog":false,"showMaterialUpdate":false,"showSkybox":true,"showFlares":true,"showImageEffects":true,"showParticleSystems":true},"in2DMode":false,"pivot":{"x":682.5598754882813,"y":43.37202453613281,"z":115.9591293334961},"rotation":{"x":-0.04385633021593094,"y":0.9419862627983093,"z":-0.3036225140094757,"w":-0.13855589926242829},"size":70.7107162475586,"orthographic":false}