{"cameraMode":{"drawMode":0,"name":"Shaded","section":"Shading Mode"},"sceneLighting":false,"audioPlay":false,"sceneViewState":{"showFog":false,"showMaterialUpdate":false,"showSkybox":false,"showFlares":true,"showImageEffects":true,"showParticleSystems":true},"in2DMode":false,"pivot":{"x":-8.114767074584961,"y":139.29043579101563,"z":496.3948059082031},"rotation":{"x":-0.011083998717367649,"y":-0.9877236485481262,"z":0.13204419612884522,"w":-0.08286844193935394},"size":10.0,"orthographic":false}