{"cameraMode":{"drawMode":0,"name":"Shaded","section":"Shading Mode"},"sceneLighting":false,"audioPlay":false,"sceneViewState":{"showFog":false,"showMaterialUpdate":false,"showSkybox":false,"showFlares":true,"showImageEffects":true,"showParticleSystems":true},"in2DMode":false,"pivot":{"x":-646.7190551757813,"y":36.62297058105469,"z":198.15444946289063},"rotation":{"x":0.02949470467865467,"y":-0.9167397618293762,"z":0.3930078446865082,"w":0.06894860416650772},"size":35.40176010131836,"orthographic":false}